feature,importance,importance_normalized,cumulative_importance
PAYMENT_RATE,1128.6,0.024368494123794365,0.024368494123794365
EXT_SOURCE_1,1005.5,0.02171054478245192,0.04607903890624629
EXT_SOURCE_3,960.6,0.020741073414244967,0.06682011232049126
EXT_SOURCE_2,913.9,0.019732736824149985,0.08655284914464124
DAYS_BIRTH,718.4,0.015511541891311247,0.1020643910359525
AMT_ANNUITY,537.4,0.011603427912570524,0.11366781894852301
DAYS_EMPLOYED,510.9,0.01103124547921898,0.12469906442774199
APPROVED_CNT_PAYMENT_MEAN,432.5,0.009338449148095928,0.13403751357583793
DAYS_ID_PUBLISH,431.5,0.009316857358158133,0.14335437093399606
INCOME_CREDIT_PERC,415.3,0.00896707036116587,0.15232144129516192
ACTIVE_DAYS_CREDIT_MAX,404.7,0.008738197387825252,0.16105963868298717
INSTAL_DAYS_ENTRY_PAYMENT_MAX,402.7,0.008695013807949665,0.16975465249093682
INSTAL_DPD_MEAN,376.4,0.008127149732585682,0.1778818022235225
DAYS_REGISTRATION,354.8,0.00766076706992933,0.18554256929345184
DAYS_EMPLOYED_PERC,354.3,0.007649971174960433,0.19319254046841228
ACTIVE_DAYS_CREDIT_ENDDATE_MIN,353.0,0.007621901848041301,0.20081444231645357
AMT_CREDIT,345.6,0.007462122602501625,0.2082765649189552
PREV_CNT_PAYMENT_MEAN,338.7,0.007313139251930846,0.21558970417088602
AMT_GOODS_PRICE,321.8,0.006948238001982126,0.22253794217286815
INSTAL_AMT_PAYMENT_SUM,314.7,0.006794936293423788,0.22933287846629194
REGION_POPULATION_RELATIVE,307.7,0.00664379376385923,0.23597667223015117
INSTAL_DBD_SUM,304.8,0.006581177573039628,0.2425578498031908
DAYS_LAST_PHONE_CHANGE,294.9,0.006367418852655466,0.24892526865584627
BURO_AMT_CREDIT_MAX_OVERDUE_MEAN,294.5,0.006358782136680349,0.25528405079252664
CLOSED_DAYS_CREDIT_MAX,290.3,0.006268096618941614,0.26155214741146826
OWN_CAR_AGE,272.2,0.0058772852210675405,0.2674294326325358
CLOSED_DAYS_CREDIT_ENDDATE_MAX,271.1,0.005853534252135968,0.2732829668846718
APPROVED_DAYS_DECISION_MAX,266.1,0.005745575302446998,0.2790285421871188
POS_MONTHS_BALANCE_SIZE,257.4,0.005557726729988189,0.284586268917107
ACTIVE_AMT_CREDIT_SUM_SUM,252.5,0.0054519269592929985,0.29003819587639995
ACTIVE_DAYS_CREDIT_UPDATE_MEAN,248.4,0.005363400620548043,0.29540159649694797
BURO_DAYS_CREDIT_MAX,245.7,0.005305102787715998,0.300706699284664
BURO_DAYS_CREDIT_ENDDATE_MAX,243.2,0.005251123312871513,0.3059578225975355
INSTAL_AMT_PAYMENT_MIN,241.8,0.005220894806958602,0.3111787174044941
ACTIVE_DAYS_CREDIT_ENDDATE_MAX,224.9,0.004855993557009883,0.316034710961504
ACTIVE_DAYS_CREDIT_MEAN,223.8,0.00483224258807831,0.3208669535495823
INSTAL_DBD_MAX,219.4,0.0047372387123520154,0.32560419226193427
CLOSED_AMT_CREDIT_SUM_MEAN,218.6,0.0047199652804017795,0.33032415754233607
BURO_AMT_CREDIT_SUM_DEBT_MEAN,216.3,0.004670304163544854,0.33499446170588093
ACTIVE_DAYS_CREDIT_ENDDATE_MEAN,213.7,0.0046141655097065885,0.33960862721558754
BURO_AMT_CREDIT_SUM_MEAN,213.5,0.00460984715171903,0.34421847436730657
INSTAL_DBD_MEAN,209.8,0.004529957528949193,0.34874843189625576
ACTIVE_AMT_CREDIT_SUM_DEBT_MEAN,209.1,0.004514843275992737,0.3532632751722485
INSTAL_DAYS_ENTRY_PAYMENT_SUM,205.9,0.0044457495481917955,0.35770902472044025
POS_NAME_CONTRACT_STATUS_Active_MEAN,205.0,0.004426316937247781,0.362135341657688
PREV_DAYS_DECISION_MAX,204.1,0.004406884326303766,0.3665422259839918
APPROVED_CNT_PAYMENT_SUM,202.1,0.004363700746428178,0.37090592673041994
PREV_AMT_ANNUITY_MEAN,200.1,0.00432051716655259,0.3752264438969725
POS_MONTHS_BALANCE_MEAN,198.8,0.004292447839633458,0.37951889173660597
CLOSED_DAYS_CREDIT_VAR,196.9,0.004251423438751649,0.3837703151753576
INSTAL_DAYS_ENTRY_PAYMENT_MEAN,195.4,0.004219035753844958,0.38798935092920256
PREV_APP_CREDIT_PERC_MEAN,193.8,0.004184488889944488,0.39217383981914705
PREV_APP_CREDIT_PERC_MIN,192.2,0.004149942026044017,0.39632378184519107
CLOSED_AMT_CREDIT_SUM_SUM,191.1,0.004126191057112444,0.4004499729023035
BURO_DAYS_CREDIT_MEAN,190.2,0.004106758446168429,0.4045567313484719
APPROVED_AMT_ANNUITY_MEAN,188.3,0.0040657340452866205,0.4086224653937585
PREV_APP_CREDIT_PERC_VAR,187.8,0.004054938150317724,0.4126774035440762
BURO_AMT_CREDIT_SUM_SUM,187.3,0.004044142255348826,0.41672154579942505
ACTIVE_AMT_CREDIT_MAX_OVERDUE_MEAN,186.7,0.0040311871813861495,0.42075273298081123
INSTAL_PAYMENT_PERC_MEAN,185.0,0.0039944811384919,0.4247472141193031
INSTAL_PAYMENT_DIFF_MAX,184.7,0.003988003601510561,0.4287352177208137
INSTAL_AMT_PAYMENT_MEAN,182.3,0.003936183305659856,0.43267140102647356
ACTIVE_AMT_CREDIT_SUM_MAX,180.2,0.003890840546790488,0.43656224157326406
CODE_GENDER,180.2,0.003890840546790488,0.4404530821200546
CLOSED_DAYS_CREDIT_UPDATE_MEAN,179.5,0.0038757262938340325,0.4443288084138886
ACTIVE_AMT_CREDIT_SUM_MEAN,179.1,0.0038670895778589146,0.4481958979917475
INCOME_PER_PERSON,178.2,0.0038476569669149,0.45204355495866244
BURO_DAYS_CREDIT_VAR,178.1,0.0038454977879211205,0.45588905274658353
PREV_HOUR_APPR_PROCESS_START_MEAN,177.1,0.0038239059979833265,0.45971295874456686
CC_CNT_DRAWINGS_ATM_CURRENT_MEAN,176.8,0.0038174284610019886,0.46353038720556883
APPROVED_APP_CREDIT_PERC_VAR,176.3,0.003806632566033092,0.4673370197716019
INSTAL_PAYMENT_DIFF_MEAN,171.9,0.0037116286903067976,0.4710486484619087
POS_NAME_CONTRACT_STATUS_Completed_MEAN,171.8,0.0037094695113130184,0.4747581179732217
INSTAL_AMT_INSTALMENT_MAX,169.7,0.0036641267524436505,0.47842224472566536
APPROVED_AMT_DOWN_PAYMENT_MAX,168.9,0.0036468533204934155,0.4820690980461588
ACTIVE_DAYS_CREDIT_VAR,168.1,0.00362957988854318,0.48569867793470195
PREV_NAME_YIELD_GROUP_high_MEAN,167.8,0.003623102351561842,0.4893217802862638
POS_MONTHS_BALANCE_MAX,167.4,0.0036144656355867246,0.4929362459218505
BURO_AMT_CREDIT_SUM_MAX,165.6,0.003575600413698695,0.4965118463355492
ACTIVE_AMT_CREDIT_SUM_DEBT_SUM,162.9,0.003517302580866651,0.5000291489164158
POS_SK_DPD_DEF_MEAN,160.1,0.0034568455690408275,0.5034859944854566
PREV_NAME_TYPE_SUITE_Unaccompanied_MEAN,158.2,0.0034158211681590187,0.5069018156536156
CLOSED_AMT_CREDIT_SUM_MAX,157.5,0.0034007069152025633,0.5103025225688181
INSTAL_PAYMENT_DIFF_SUM,150.5,0.003249564385638005,0.5135520869544562
BURO_DAYS_CREDIT_ENDDATE_MEAN,149.8,0.003234450132681549,0.5167865370871377
ACTIVE_AMT_CREDIT_SUM_LIMIT_MEAN,148.8,0.003212858342743755,0.5199993954298815
BURO_DAYS_CREDIT_UPDATE_MEAN,147.4,0.0031826298368308435,0.5231820252667123
PREV_DAYS_DECISION_MEAN,147.2,0.003178311478843284,0.5263603367455556
REFUSED_DAYS_DECISION_MAX,145.6,0.003143764614942814,0.5295041013604984
PREV_NAME_TYPE_SUITE_nan_MEAN,142.9,0.00308546678211077,0.5325895681426092
INSTAL_AMT_INSTALMENT_SUM,141.2,0.0030487607392165198,0.5356383288818257
INSTAL_AMT_PAYMENT_MAX,141.1,0.0030466015602227405,0.5386849304420485
BURO_STATUS_0_MEAN_MEAN,141.1,0.0030466015602227405,0.5417315320022712
APPROVED_DAYS_DECISION_MEAN,140.0,0.003022850591291167,0.5447543825935623
PREV_AMT_ANNUITY_MIN,139.4,0.003009895517328491,0.5477642781108908
ACTIVE_DAYS_CREDIT_MIN,137.2,0.0029623935794653436,0.5507266716903562
PREV_NAME_CONTRACT_STATUS_Refused_MEAN,137.1,0.0029602344004715643,0.5536869060908277
NAME_FAMILY_STATUS_Married,137.0,0.002958075221477785,0.5566449813123056
AMT_INCOME_TOTAL,134.7,0.0029084141046208586,0.5595533954169264
BURO_DAYS_CREDIT_MIN,132.7,0.0028652305247452705,0.5624186259416717
APPROVED_AMT_CREDIT_MIN,131.0,0.0028285244818510207,0.5652471504235227
CLOSED_DAYS_CREDIT_ENDDATE_MEAN,128.5,0.0027745450070065358,0.5680216954305293
INSTAL_PAYMENT_PERC_SUM,126.5,0.0027313614271309477,0.5707530568576602
INSTAL_AMT_INSTALMENT_MEAN,126.4,0.0027292022481371684,0.5734822591057974
APPROVED_AMT_ANNUITY_MIN,125.9,0.002718406353168271,0.5762006654589656
APPROVED_HOUR_APPR_PROCESS_START_MEAN,125.4,0.0027076104581993743,0.578908275917165
ACTIVE_AMT_CREDIT_SUM_DEBT_MAX,124.2,0.0026817003102740213,0.581589976227439
APPROVED_APP_CREDIT_PERC_MEAN,124.1,0.0026795411312802416,0.5842695173587192
PREV_WEEKDAY_APPR_PROCESS_START_THURSDAY_MEAN,121.8,0.0026298800144233156,0.5868993973731426
APPROVED_APP_CREDIT_PERC_MIN,120.2,0.002595333150522845,0.5894947305236654
PREV_DAYS_DECISION_MIN,120.1,0.002593173971529066,0.5920879044951944
APPROVED_AMT_CREDIT_MAX,119.6,0.0025823780765601686,0.5946702825717546
PREV_AMT_ANNUITY_MAX,119.5,0.0025802188975663893,0.597250501469321
TOTALAREA_MODE,119.2,0.002573741360585051,0.5998242428299061
CLOSED_DAYS_CREDIT_MEAN,118.5,0.0025586271076285952,0.6023828699375346
CC_CNT_DRAWINGS_CURRENT_VAR,117.0,0.0025262394227219044,0.6049091093602565
BURO_AMT_CREDIT_SUM_DEBT_SUM,116.7,0.002519761885740566,0.6074288712459971
CLOSED_AMT_CREDIT_MAX_OVERDUE_MEAN,115.9,0.0025024884537903306,0.6099313596997874
INSTAL_PAYMENT_PERC_VAR,115.6,0.0024960109168089923,0.6124273706165964
HOUR_APPR_PROCESS_START,115.4,0.002491692558821434,0.6149190631754178
PREV_AMT_CREDIT_MEAN,113.6,0.0024528273369334042,0.6173718905123512
PREV_AMT_DOWN_PAYMENT_MAX,112.2,0.0024225988310204926,0.6197944893433717
PREV_WEEKDAY_APPR_PROCESS_START_MONDAY_MEAN,112.1,0.0024204396520267134,0.6222149289953984
PREV_RATE_DOWN_PAYMENT_MEAN,112.0,0.002418280473032934,0.6246332094684314
CC_AMT_PAYMENT_CURRENT_MEAN,110.6,0.002388051967120022,0.6270212614355514
PREV_APP_CREDIT_PERC_MAX,109.4,0.0023621418191946695,0.6293834032547461
BURO_CREDIT_TYPE_Creditcard_MEAN,109.4,0.0023621418191946695,0.6317455450739408
APPROVED_AMT_ANNUITY_MAX,109.0,0.002353505103219552,0.6340990501771603
BURO_DAYS_CREDIT_ENDDATE_MIN,108.0,0.002331913313281758,0.636430963490442
APPROVED_DAYS_DECISION_MIN,107.5,0.0023211174183128606,0.6387520809087549
PREV_NAME_CLIENT_TYPE_New_MEAN,107.2,0.0023146398813315224,0.6410667207900864
REGION_RATING_CLIENT_W_CITY,106.4,0.0022973664493812873,0.6433640872394677
PREV_AMT_APPLICATION_MEAN,105.9,0.0022865705544123905,0.6456506577938801
APPROVED_APP_CREDIT_PERC_MAX,105.9,0.0022865705544123905,0.6479372283482925
CLOSED_DAYS_CREDIT_MIN,104.3,0.0022520236905119195,0.6501892520388044
PREV_PRODUCT_COMBINATION_CashXSelllow_MEAN,103.8,0.0022412277955430227,0.6524304798343474
PREV_NAME_YIELD_GROUP_low_normal_MEAN,103.4,0.002232591079567905,0.6546630709139153
APPROVED_AMT_GOODS_PRICE_MIN,103.4,0.002232591079567905,0.6568956619934831
APPROVED_AMT_APPLICATION_MIN,101.2,0.002185089141704758,0.6590807511351879
CLOSED_DAYS_CREDIT_ENDDATE_MIN,100.8,0.0021764524257296405,0.6612572035609176
PREV_WEEKDAY_APPR_PROCESS_START_FRIDAY_MEAN,100.8,0.0021764524257296405,0.6634336559866472
PREV_NAME_YIELD_GROUP_low_action_MEAN,100.7,0.0021742932467358612,0.6656079492333831
PREV_AMT_DOWN_PAYMENT_MEAN,100.7,0.0021742932467358612,0.667782242480119
CC_CNT_DRAWINGS_ATM_CURRENT_VAR,100.3,0.0021656565307607433,0.6699478990108797
PREV_CHANNEL_TYPE_Creditandcashoffices_MEAN,100.0,0.0021591789937794054,0.6721070780046591
PREV_NAME_YIELD_GROUP_middle_MEAN,99.5,0.002148383098810508,0.6742554611034696
REFUSED_AMT_CREDIT_MIN,99.0,0.0021375872038416114,0.6763930483073112
CC_CNT_DRAWINGS_CURRENT_MEAN,98.8,0.0021332688458540524,0.6785263171531652
BURO_CREDIT_TYPE_Microloan_MEAN,97.9,0.002113836234910038,0.6806401533880753
INSTAL_DPD_SUM,97.4,0.002103040339941141,0.6827431937280164
PREV_PRODUCT_COMBINATION_CashStreetlow_MEAN,97.2,0.002098721981953582,0.68484191570997
BURO_CREDIT_TYPE_Consumercredit_MEAN,95.6,0.0020641751180531112,0.6869060908280231
ACTIVE_MONTHS_BALANCE_SIZE_MEAN,95.5,0.002062015939059332,0.6889681067670824
BURO_CREDIT_ACTIVE_Closed_MEAN,93.6,0.002020991538177523,0.6909890983052599
CC_AMT_CREDIT_LIMIT_ACTUAL_MEAN,93.4,0.0020166731801899646,0.6930057714854498
PREV_NAME_CLIENT_TYPE_Refreshed_MEAN,93.0,0.002008036464214847,0.6950138079496647
BURO_AMT_CREDIT_SUM_DEBT_MAX,92.8,0.002003718106227288,0.697017526055892
BURO_AMT_CREDIT_SUM_LIMIT_MEAN,91.4,0.0019734896003143765,0.6989910156562064
PREV_AMT_GOODS_PRICE_MIN,91.3,0.0019713304213205968,0.7009623460775269
INSTAL_PAYMENT_DIFF_VAR,90.4,0.0019518978103765824,0.7029142438879036
PREV_NAME_CONTRACT_STATUS_Approved_MEAN,88.7,0.0019151917674823326,0.7048294356553859
PREV_WEEKDAY_APPR_PROCESS_START_WEDNESDAY_MEAN,88.7,0.0019151917674823326,0.7067446274228683
PREV_HOUR_APPR_PROCESS_START_MAX,88.5,0.0019108734094947736,0.7086555008323631
PREV_PRODUCT_COMBINATION_CashXSellhigh_MEAN,88.3,0.0019065550515072148,0.7105620558838702
PREV_AMT_CREDIT_MAX,87.8,0.0018957591565383178,0.7124578150404085
PREV_AMT_GOODS_PRICE_MEAN,87.0,0.0018784857245880825,0.7143363007649965
DEF_30_CNT_SOCIAL_CIRCLE,86.6,0.0018698490086129648,0.7162061497736095
APPROVED_AMT_DOWN_PAYMENT_MEAN,86.1,0.0018590531136440677,0.7180652028872536
PREV_NAME_SELLER_INDUSTRY_Connectivity_MEAN,86.1,0.0018590531136440677,0.7199242560008977
PREV_CHANNEL_TYPE_Countrywide_MEAN,86.1,0.0018590531136440677,0.7217833091145418
FLAG_WORK_PHONE,85.7,0.0018504163976689504,0.7236337255122107
REFUSED_DAYS_DECISION_MEAN,85.1,0.0018374613237062737,0.725471186835917
BURO_CREDIT_TYPE_Mortgage_MEAN,84.8,0.0018309837867249356,0.727302170622642
PREV_CNT_PAYMENT_SUM,84.0,0.0018137103547747003,0.7291158809774168
PREV_RATE_DOWN_PAYMENT_MAX,83.9,0.001811551175780921,0.7309274321531977
PREV_NAME_YIELD_GROUP_XNA_MEAN,83.4,0.001800755280812024,0.7327281874340097
REFUSED_AMT_ANNUITY_MIN,81.0,0.0017489349849613182,0.734477122418971
BURO_MONTHS_BALANCE_SIZE_SUM,80.8,0.0017446166269737594,0.7362217390459448
NAME_CONTRACT_TYPE_Cashloans,80.1,0.0017295023740173034,0.737951241419962
REFUSED_HOUR_APPR_PROCESS_START_MEAN,80.1,0.0017295023740173034,0.7396807437939793
REFUSED_DAYS_DECISION_MIN,79.4,0.0017143881210608478,0.7413951319150401
PREV_NAME_PAYMENT_TYPE_XNA_MEAN,79.0,0.00170575140508573,0.7431008833201259
APPROVED_HOUR_APPR_PROCESS_START_MAX,78.4,0.0016927963311230538,0.744793679651249
APPROVED_AMT_APPLICATION_MAX,78.3,0.0016906371521292743,0.7464843168033782
INSTAL_COUNT,78.2,0.001688477973135495,0.7481727947765138
BURO_STATUS_1_MEAN_MEAN,78.0,0.001684159615147936,0.7498569543916617
INSTAL_DPD_MAX,77.4,0.0016712045411852597,0.751528158932847
PREV_WEEKDAY_APPR_PROCESS_START_SATURDAY_MEAN,77.3,0.0016690453621914802,0.7531972042950384
INSTAL_NUM_INSTALMENT_VERSION_NUNIQUE,77.2,0.001666886183197701,0.7548640904782361
YEARS_BEGINEXPLUATATION_MEDI,77.2,0.001666886183197701,0.7565309766614338
NAME_EDUCATION_TYPE_Highereducation,77.0,0.001662567825210142,0.7581935444866439
APPROVED_RATE_DOWN_PAYMENT_MAX,76.8,0.0016582494672225832,0.7598517939538665
POS_SK_DPD_MEAN,75.7,0.0016344984982910099,0.7614862924521575
APPROVED_RATE_DOWN_PAYMENT_MEAN,75.6,0.0016323393192972302,0.7631186317714547
REFUSED_APP_CREDIT_PERC_MIN,75.2,0.0016237026033221128,0.7647423343747768
FLAG_DOCUMENT_3,75.2,0.0016237026033221128,0.7663660369780989
BURO_CREDIT_ACTIVE_Active_MEAN,73.0,0.0015762006654589657,0.7679422376435578
PREV_NAME_PRODUCT_TYPE_walkin_MEAN,72.8,0.001571882307471407,0.7695141199510293
APPROVED_AMT_APPLICATION_MEAN,72.6,0.001567563949483848,0.7710816839005131
YEARS_BEGINEXPLUATATION_MODE,72.4,0.0015632455914962894,0.7726449294920095
CLOSED_MONTHS_BALANCE_SIZE_MEAN,71.9,0.0015524496965273924,0.7741973791885368
PREV_NAME_SELLER_INDUSTRY_Consumerelectronics_MEAN,70.7,0.0015265395486020396,0.7757239187371389
PREV_AMT_CREDIT_MIN,70.5,0.0015222211906144806,0.7772461399277534
OBS_60_CNT_SOCIAL_CIRCLE,70.4,0.0015200620116207013,0.7787662019393741
PREV_CODE_REJECT_REASON_SCO_MEAN,69.7,0.0015049477586642455,0.7802711496980383
PREV_WEEKDAY_APPR_PROCESS_START_TUESDAY_MEAN,69.7,0.0015049477586642455,0.7817760974567026
PREV_NAME_PRODUCT_TYPE_XNA_MEAN,69.1,0.0014919926847015688,0.7832680901414042
BURO_STATUS_C_MEAN_MEAN,69.0,0.0014898335057077895,0.7847579236471119
ACTIVE_MONTHS_BALANCE_SIZE_SUM,67.8,0.0014639233577824367,0.7862218470048944
APPROVED_AMT_CREDIT_MEAN,67.5,0.0014574458208010985,0.7876792928256955
PREV_RATE_DOWN_PAYMENT_MIN,67.1,0.0014488091048259807,0.7891281019305215
CC_AMT_PAYMENT_TOTAL_CURRENT_MEAN,66.0,0.0014250581358944074,0.790553160066416
PREV_NAME_TYPE_SUITE_Family_MEAN,65.2,0.0014077847039441723,0.7919609447703602
BURO_CREDIT_TYPE_Carloan_MEAN,65.1,0.0014056255249503926,0.7933665702953105
PREV_PRODUCT_COMBINATION_POShouseholdwithinterest_MEAN,64.4,0.001390511271993937,0.7947570815673045
CC_AMT_PAYMENT_CURRENT_SUM,63.8,0.0013775561980312605,0.7961346377653358
ACTIVE_AMT_CREDIT_SUM_LIMIT_SUM,63.6,0.0013732378400437017,0.7975078756053795
PREV_NAME_PAYMENT_TYPE_Cashthroughthebank_MEAN,63.4,0.001368919482056143,0.7988767950874357
REFUSED_APP_CREDIT_PERC_MEAN,63.4,0.001368919482056143,0.8002457145694919
PREV_NAME_CONTRACT_STATUS_Canceled_MEAN,62.7,0.0013538052290996872,0.8015995197985916
LANDAREA_MODE,62.4,0.001347327692118349,0.8029468474907099
AMT_REQ_CREDIT_BUREAU_QRT,62.2,0.0013430093341307901,0.8042898568248407
BURO_STATUS_X_MEAN_MEAN,62.1,0.0013408501551370106,0.8056307069799776
PREV_NAME_PRODUCT_TYPE_xsell_MEAN,60.9,0.0013149400072116578,0.8069456469871893
BURO_MONTHS_BALANCE_SIZE_MEAN,60.1,0.0012976665752614225,0.8082433135624507
PREV_NAME_CLIENT_TYPE_Repeater_MEAN,59.9,0.0012933482172738638,0.8095366617797246
DEF_60_CNT_SOCIAL_CIRCLE,59.6,0.0012868706802925255,0.8108235324600171
ORGANIZATION_TYPE_Selfemployed,59.5,0.001284711501298746,0.8121082439613159
AMT_REQ_CREDIT_BUREAU_YEAR,59.0,0.0012739156063298492,0.8133821595676457
APARTMENTS_MODE,58.9,0.0012717564273360697,0.8146539159949818
PREV_NAME_GOODS_CATEGORY_Mobile_MEAN,58.5,0.0012631197113609522,0.8159170357063428
REFUSED_APP_CREDIT_PERC_VAR,58.5,0.0012631197113609522,0.8171801554177037
ACTIVE_AMT_ANNUITY_MEAN,58.5,0.0012631197113609522,0.8184432751290647
CC_AMT_PAYMENT_CURRENT_VAR,58.5,0.0012631197113609522,0.8197063948404256
PREV_CHANNEL_TYPE_Stone_MEAN,58.2,0.001256642174379614,0.8209630370148052
POS_SK_DPD_DEF_MAX,57.9,0.0012501646373982757,0.8222132016522035
APPROVED_AMT_GOODS_PRICE_MEAN,57.8,0.0012480054584044962,0.823461207110608
PREV_NAME_PORTFOLIO_Cash_MEAN,57.7,0.001245846279410717,0.8247070533900187
REG_CITY_NOT_LIVE_CITY,57.7,0.001245846279410717,0.8259528996694294
CLOSED_MONTHS_BALANCE_SIZE_SUM,57.3,0.0012372095634355991,0.8271901092328651
REFUSED_AMT_ANNUITY_MAX,57.2,0.0012350503844418199,0.8284251596173069
REFUSED_AMT_GOODS_PRICE_MEAN,57.0,0.001230732026454261,0.8296558916437612
PREV_AMT_APPLICATION_MAX,56.9,0.0012285728474604816,0.8308844644912217
CLOSED_AMT_ANNUITY_MAX,56.7,0.0012242544894729228,0.8321087189806946
PREV_AMT_APPLICATION_MIN,56.7,0.0012242544894729228,0.8333329734701675
CC_AMT_DRAWINGS_ATM_CURRENT_MEAN,56.1,0.0012112994155102463,0.8345442728856778
REFUSED_CNT_PAYMENT_MEAN,55.9,0.0012069810575226876,0.8357512539432005
LANDAREA_AVG,54.6,0.0011789117306035552,0.8369301656738041
APPROVED_AMT_DOWN_PAYMENT_MIN,54.5,0.001176752551609776,0.8381069182254138
BURO_AMT_ANNUITY_MEAN,54.4,0.0011745933726159965,0.8392815115980299
APARTMENTS_AVG,53.9,0.0011637974776470994,0.8404453090756769
CC_AMT_CREDIT_LIMIT_ACTUAL_VAR,53.8,0.00116163829865332,0.8416069473743303
REFUSED_AMT_ANNUITY_MEAN,53.1,0.0011465240456968642,0.8427534714200271
ACTIVE_AMT_CREDIT_SUM_OVERDUE_MEAN,52.8,0.001140046508715526,0.8438935179287427
CC_CNT_DRAWINGS_CURRENT_MAX,52.8,0.001140046508715526,0.8450335644374583
CC_AMT_INST_MIN_REGULARITY_VAR,52.6,0.0011357281507279671,0.8461692925881862
PREV_AMT_DOWN_PAYMENT_MIN,51.8,0.0011184547187777318,0.8472877473069639
BURO_AMT_ANNUITY_MAX,51.7,0.0011162955397839526,0.8484040428467479
LIVINGAREA_AVG,51.4,0.0011098180028026143,0.8495138608495505
LIVINGAREA_MODE,51.3,0.0011076588238088348,0.8506215196733593
OBS_30_CNT_SOCIAL_CIRCLE,50.6,0.001092544570852379,0.8517140642442117
LANDAREA_MEDI,50.4,0.0010882262128648203,0.8528022904570766
APPROVED_RATE_DOWN_PAYMENT_MIN,50.2,0.0010839078548772615,0.8538861983119538
YEARS_BEGINEXPLUATATION_AVG,49.9,0.0010774303178959232,0.8549636286298498
CC_AMT_PAYMENT_CURRENT_MAX,49.9,0.0010774303178959232,0.8560410589477457
APARTMENTS_MEDI,49.6,0.001070952780914585,0.8571120117286604
NONLIVINGAREA_MODE,49.4,0.0010666344229270262,0.8581786461515873
BURO_AMT_CREDIT_SUM_LIMIT_SUM,49.3,0.0010644752439332467,0.8592431213955206
BASEMENTAREA_AVG,49.2,0.0010623160649394674,0.8603054374604601
PREV_CODE_REJECT_REASON_XAP_MEAN,49.2,0.0010623160649394674,0.8613677535253995
LIVINGAREA_MEDI,48.9,0.0010558385279581292,0.8624235920533576
REFUSED_APP_CREDIT_PERC_MAX,48.9,0.0010558385279581292,0.8634794305813157
APPROVED_HOUR_APPR_PROCESS_START_MIN,48.6,0.001049360990976791,0.8645287915722925
POS_NAME_CONTRACT_STATUS_Signed_MEAN,48.5,0.0010472018119830116,0.8655759933842755
BASEMENTAREA_MODE,48.2,0.0010407242750016734,0.8666167176592772
PREV_HOUR_APPR_PROCESS_START_MIN,47.7,0.0010299283800327763,0.86764664603931
PREV_NAME_GOODS_CATEGORY_AudioVideo_MEAN,47.3,0.0010212916640576586,0.8686679377033676
PREV_CHANNEL_TYPE_APCashloan_MEAN,47.3,0.0010212916640576586,0.8696892293674252
PREV_CHANNEL_TYPE_Channelofcorporatesales_MEAN,47.3,0.0010212916640576586,0.8707105210314828
NAME_EDUCATION_TYPE_Secondarysecondaryspecial,47.2,0.0010191324850638793,0.8717296535165467
NONLIVINGAREA_AVG,47.0,0.0010148141270763206,0.872744467643623
PREV_NAME_PORTFOLIO_XNA_MEAN,46.9,0.001012654948082541,0.8737571225917056
CC_AMT_CREDIT_LIMIT_ACTUAL_SUM,46.6,0.0010061774111012028,0.8747633000028068
ORGANIZATION_TYPE_Construction,46.6,0.0010061774111012028,0.875769477413908
PREV_NAME_CASH_LOAN_PURPOSE_XNA_MEAN,46.5,0.0010040182321074235,0.8767734956460154
REFUSED_AMT_GOODS_PRICE_MIN,46.4,0.001001859053113644,0.877775354699129
PREV_CODE_REJECT_REASON_HC_MEAN,46.4,0.001001859053113644,0.8787772137522427
ORGANIZATION_TYPE_Military,46.3,0.0009996998741198645,0.8797769136263626
ACTIVE_AMT_ANNUITY_MAX,46.3,0.0009996998741198645,0.8807766135004824
PREV_PRODUCT_COMBINATION_CashXSellmiddle_MEAN,46.1,0.0009953815161323058,0.8817719950166147
CC_AMT_RECEIVABLE_PRINCIPAL_MEAN,46.0,0.0009932223371385265,0.8827652173537532
REFUSED_AMT_APPLICATION_MIN,45.9,0.000991063158144747,0.883756280511898
CC_AMT_PAYMENT_CURRENT_MIN,45.3,0.0009781080841820705,0.8847343885960801
PREV_PRODUCT_COMBINATION_POSindustrywithinterest_MEAN,45.1,0.0009737897261945118,0.8857081783222747
PREV_CHANNEL_TYPE_Contactcenter_MEAN,44.7,0.0009651530102193942,0.886673331332494
CC_AMT_BALANCE_MEAN,44.3,0.0009565162942442764,0.8876298476267384
CC_AMT_DRAWINGS_ATM_CURRENT_MAX,44.2,0.0009543571152504972,0.8885842047419888
PREV_NAME_CONTRACT_TYPE_Cashloans_MEAN,43.6,0.0009414020412878207,0.8895256067832766
APPROVED_AMT_GOODS_PRICE_MAX,43.3,0.0009349245043064824,0.8904605312875831
PREV_NAME_GOODS_CATEGORY_ConsumerElectronics_MEAN,42.4,0.0009154918933624678,0.8913760231809456
COMMONAREA_MODE,42.3,0.0009133327143686883,0.8922893558953142
PREV_NAME_SELLER_INDUSTRY_XNA_MEAN,42.3,0.0009133327143686883,0.8932026886096829
CC_AMT_DRAWINGS_ATM_CURRENT_VAR,42.3,0.0009133327143686883,0.8941160213240515
CC_AMT_DRAWINGS_POS_CURRENT_SUM,42.2,0.000911173535374909,0.8950271948594265
ORGANIZATION_TYPE_Transporttype3,41.8,0.0009025368193997913,0.8959297316788263
PREV_PRODUCT_COMBINATION_POSmobilewithinterest_MEAN,41.6,0.0008982184614122326,0.8968279501402385
PREV_NAME_GOODS_CATEGORY_Furniture_MEAN,41.5,0.0008960592824184531,0.897724009422657
PREV_NAME_GOODS_CATEGORY_Computers_MEAN,41.5,0.0008960592824184531,0.8986200687050754
PREV_NAME_PORTFOLIO_POS_MEAN,40.9,0.0008831042084557767,0.8995031729135312
PREV_PRODUCT_COMBINATION_CashStreethigh_MEAN,40.5,0.0008744674924806591,0.9003776404060119
FLAG_DOCUMENT_18,40.5,0.0008744674924806591,0.9012521078984925
REFUSED_AMT_APPLICATION_MAX,40.3,0.0008701491344931002,0.9021222570329857
COMMONAREA_MEDI,40.2,0.0008679899554993209,0.902990246988485
ORGANIZATION_TYPE_Industrytype9,40.1,0.0008658307765055416,0.9038560777649906
PREV_WEEKDAY_APPR_PROCESS_START_SUNDAY_MEAN,40.0,0.0008636715975117621,0.9047197493625023
REFUSED_AMT_APPLICATION_MEAN,39.9,0.0008615124185179827,0.9055812617810203
CC_AMT_DRAWINGS_ATM_CURRENT_SUM,39.8,0.0008593532395242032,0.9064406150205445
PREV_NAME_GOODS_CATEGORY_PhotoCinemaEquipment_MEAN,39.4,0.0008507165235490857,0.9072913315440936
PREV_PRODUCT_COMBINATION_Cash_MEAN,39.4,0.0008507165235490857,0.9081420480676426
BURO_AMT_CREDIT_SUM_OVERDUE_MEAN,39.3,0.0008485573445553062,0.908990605412198
REFUSED_AMT_CREDIT_MAX,39.2,0.0008463981655615269,0.9098370035777595
NONLIVINGAREA_MEDI,38.8,0.0008377614495864091,0.9106747650273459
FLOORSMAX_AVG,38.8,0.0008377614495864091,0.9115125264769323
ACTIVE_MONTHS_BALANCE_MIN_MIN,38.7,0.0008356022705926299,0.9123481287475249
CC_CNT_DRAWINGS_POS_CURRENT_MEAN,38.6,0.0008334430915988505,0.9131815718391237
BASEMENTAREA_MEDI,38.3,0.0008269655546175121,0.9140085373937412
LIVINGAPARTMENTS_MODE,38.2,0.0008248063756237328,0.914833343769365
COMMONAREA_AVG,38.0,0.000820488017636174,0.9156538317870011
REFUSED_CNT_PAYMENT_SUM,38.0,0.000820488017636174,0.9164743198046372
OCCUPATION_TYPE_Corestaff,37.9,0.0008183288386423946,0.9172926486432796
POS_SK_DPD_MAX,37.8,0.0008161696596486151,0.9181088183029282
ORGANIZATION_TYPE_School,37.6,0.0008118513016610564,0.9189206696045893
ORGANIZATION_TYPE_BusinessEntityType3,37.2,0.0008032145856859388,0.9197238841902752
YEARS_BUILD_MODE,37.0,0.0007988962276983799,0.9205227804179735
CLOSED_AMT_ANNUITY_MEAN,36.6,0.0007902595117232624,0.9213130399296968
LIVINGAPARTMENTS_AVG,36.2,0.0007816227957481447,0.9220946627254449
ENTRANCES_AVG,36.1,0.0007794636167543653,0.9228741263421993
FLAG_PHONE,35.9,0.0007751452587668065,0.9236492716009661
REFUSED_HOUR_APPR_PROCESS_START_MIN,35.9,0.0007751452587668065,0.9244244168597329
CC_CNT_DRAWINGS_CURRENT_SUM,35.8,0.000772986079773027,0.9251974029395059
REFUSED_AMT_CREDIT_MEAN,35.8,0.000772986079773027,0.925970389019279
REFUSED_HOUR_APPR_PROCESS_START_MAX,35.7,0.0007708269007792477,0.9267412159200582
PREV_NAME_PORTFOLIO_Cards_MEAN,35.5,0.0007665085427916888,0.9275077244628499
POS_NAME_CONTRACT_STATUS_Returnedtothestore_MEAN,34.9,0.0007535534688290124,0.9282612779316789
PREV_NAME_CONTRACT_TYPE_Revolvingloans_MEAN,34.6,0.0007470759318476743,0.9290083538635265
YEARS_BUILD_AVG,34.2,0.0007384392158725566,0.9297467930793991
CC_SK_DPD_DEF_MEAN,33.9,0.0007319616788912184,0.9304787547582903
CLOSED_AMT_CREDIT_SUM_DEBT_MAX,33.9,0.0007319616788912184,0.9312107164371816
NAME_INCOME_TYPE_Working,33.8,0.0007298024998974389,0.931940518937079
OCCUPATION_TYPE_Drivers,33.6,0.0007254841419098802,0.9326660030789888
CLOSED_MONTHS_BALANCE_MIN_MIN,33.5,0.0007233249629161007,0.9333893280419049
CC_AMT_PAYMENT_TOTAL_CURRENT_SUM,33.2,0.0007168474259347626,0.9341061754678397
PREV_PRODUCT_COMBINATION_CardStreet_MEAN,33.1,0.0007146882469409832,0.9348208637147807
PREV_NAME_TYPE_SUITE_Spousepartner_MEAN,32.7,0.0007060515309658655,0.9355269152457465
CC_AMT_BALANCE_MAX,32.6,0.0007038923519720861,0.9362308075977186
BURO_MONTHS_BALANCE_MIN_MIN,32.5,0.0007017331729783067,0.9369325407706969
NAME_INCOME_TYPE_Stateservant,32.1,0.0006930964570031891,0.9376256372277001
CC_AMT_DRAWINGS_CURRENT_SUM,31.5,0.0006801413830405126,0.9383057786107406
CC_AMT_DRAWINGS_CURRENT_MEAN,31.5,0.0006801413830405126,0.9389859199937811
OCCUPATION_TYPE_Highskilltechstaff,31.4,0.0006779822040467332,0.9396639021978278
WALLSMATERIAL_MODE_Stonebrick,31.2,0.0006736638460591745,0.940337566043887
LIVINGAPARTMENTS_MEDI,31.1,0.0006715046670653951,0.9410090707109524
FLAG_DOCUMENT_16,31.0,0.0006693454880716156,0.941678416199024
PREV_AMT_GOODS_PRICE_MAX,30.6,0.000660708772096498,0.9423391249711205
CC_AMT_BALANCE_MIN,30.3,0.0006542312351151598,0.9429933562062357
PREV_NAME_GOODS_CATEGORY_SportandLeisure_MEAN,30.1,0.000649912877127601,0.9436432690833633
CC_AMT_BALANCE_VAR,30.1,0.000649912877127601,0.9442931819604908
NONLIVINGAPARTMENTS_AVG,30.0,0.0006477536981338215,0.9449409356586247
CC_CNT_DRAWINGS_ATM_CURRENT_SUM,29.0,0.0006261619081960276,0.9455670975668207
ENTRANCES_MEDI,29.0,0.0006261619081960276,0.9461932594750166
CC_AMT_INST_MIN_REGULARITY_SUM,28.9,0.0006240027292022481,0.9468172622042189
NAME_HOUSING_TYPE_Officeapartment,28.7,0.0006196843712146893,0.9474369465754336
CC_AMT_DRAWINGS_CURRENT_VAR,28.7,0.0006196843712146893,0.9480566309466484
PREV_NAME_GOODS_CATEGORY_XNA_MEAN,28.7,0.0006196843712146893,0.9486763153178631
REFUSED_AMT_DOWN_PAYMENT_MAX,28.5,0.0006153660132271305,0.9492916813310902
CC_AMT_RECIVABLE_MEAN,28.3,0.0006110476552395717,0.9499027289863298
PREV_PRODUCT_COMBINATION_CashStreetmiddle_MEAN,28.2,0.0006088884762457923,0.9505116174625755
CC_AMT_DRAWINGS_POS_CURRENT_VAR,27.4,0.000591615044295557,0.9511032325068711
AMT_REQ_CREDIT_BUREAU_MON,27.2,0.0005872966863079982,0.9516905291931791
CC_AMT_PAYMENT_TOTAL_CURRENT_VAR,27.1,0.0005851375073142189,0.9522756667004934
CC_CNT_DRAWINGS_POS_CURRENT_MAX,27.1,0.0005851375073142189,0.9528608042078076
PREV_PRODUCT_COMBINATION_CardXSell_MEAN,26.3,0.0005678640753639836,0.9534286682831716
CC_AMT_DRAWINGS_POS_CURRENT_MAX,26.2,0.0005657048963702042,0.9539943731795418
WEEKDAY_APPR_PROCESS_START_MONDAY,26.1,0.0005635457173764248,0.9545579188969182
CNT_FAM_MEMBERS,26.0,0.0005613865383826454,0.9551193054353009
REFUSED_AMT_GOODS_PRICE_MAX,25.7,0.0005549090014013072,0.9556742144367022
OCCUPATION_TYPE_Accountants,25.3,0.0005462722854261895,0.9562204867221283
PREV_CODE_REJECT_REASON_LIMIT_MEAN,25.3,0.0005462722854261895,0.9567667590075545
REFUSED_RATE_DOWN_PAYMENT_MAX,25.1,0.0005419539274386307,0.9573087129349931
CC_AMT_RECIVABLE_MIN,25.0,0.0005397947484448514,0.957848507683438
OCCUPATION_TYPE_Laborers,24.7,0.0005333172114635131,0.9583818248949015
ORGANIZATION_TYPE_Bank,24.2,0.0005225213164946161,0.9589043462113962
LIVE_CITY_NOT_WORK_CITY,23.6,0.0005095662425319397,0.9594139124539282
ACTIVE_MONTHS_BALANCE_MAX_MAX,23.5,0.0005074070635381603,0.9599213195174663
CC_CNT_INSTALMENT_MATURE_CUM_VAR,23.5,0.0005074070635381603,0.9604287265810044
PREV_NAME_CONTRACT_TYPE_Consumerloans_MEAN,22.8,0.0004922928105817044,0.9609210193915861
CC_AMT_PAYMENT_TOTAL_CURRENT_MAX,22.5,0.00048581527360036617,0.9614068346651865
CC_AMT_CREDIT_LIMIT_ACTUAL_MIN,22.5,0.00048581527360036617,0.9618926499387869
CC_CNT_DRAWINGS_POS_CURRENT_VAR,22.5,0.00048581527360036617,0.9623784652123872
REFUSED_RATE_DOWN_PAYMENT_MIN,22.1,0.0004771785576252486,0.9628556437700125
PREV_CHANNEL_TYPE_RegionalLocal_MEAN,22.1,0.0004771785576252486,0.9633328223276378
ORGANIZATION_TYPE_Police,22.0,0.00047501937863146914,0.9638078417062693
WEEKDAY_APPR_PROCESS_START_SATURDAY,21.4,0.0004620643046687927,0.9642699060109381
OCCUPATION_TYPE_Medicinestaff,21.2,0.0004577459466812339,0.9647276519576193
YEARS_BUILD_MEDI,21.2,0.0004577459466812339,0.9651853979043006
BURO_CREDIT_ACTIVE_Sold_MEAN,20.8,0.0004491092307061163,0.9656345071350066
FLOORSMIN_AVG,20.7,0.0004469500517123369,0.966081457186719
CC_CNT_INSTALMENT_MATURE_CUM_MEAN,19.8,0.00042751744076832227,0.9665089746274873
CC_AMT_DRAWINGS_CURRENT_MAX,19.3,0.00041672154579942524,0.9669256961732867
CC_AMT_RECEIVABLE_PRINCIPAL_VAR,19.2,0.0004145623668056458,0.9673402585400923
ELEVATORS_AVG,19.1,0.0004124031878118664,0.9677526617279042
ORGANIZATION_TYPE_SecurityMinistries,19.1,0.0004124031878118664,0.9681650649157161
ENTRANCES_MODE,19.1,0.0004124031878118664,0.968577468103528
CC_AMT_RECEIVABLE_PRINCIPAL_MAX,19.0,0.000410244008818087,0.968987712112346
PREV_NAME_SELLER_INDUSTRY_Furniture_MEAN,18.7,0.00040376647183674877,0.9693914785841827
CC_AMT_RECIVABLE_MAX,18.5,0.00039944811384918995,0.9697909266980319
WEEKDAY_APPR_PROCESS_START_SUNDAY,18.1,0.00039081139787407236,0.970181738095906
CC_AMT_RECIVABLE_VAR,17.8,0.00038433386089273416,0.9705660719567988
PREV_PRODUCT_COMBINATION_POShouseholdwithoutinterest_MEAN,17.7,0.0003821746818989547,0.9709482466386977
CC_MONTHS_BALANCE_VAR,17.4,0.00037569714491761646,0.9713239437836153
PREV_NAME_CASH_LOAN_PURPOSE_Urgentneeds_MEAN,17.3,0.00037353796592383713,0.9716974817495392
PREV_NAME_TYPE_SUITE_Children_MEAN,17.1,0.0003692196079362783,0.9720667013574754
FLOORSMIN_MODE,17.0,0.00036706042894249887,0.9724337617864179
CLOSED_AMT_CREDIT_SUM_DEBT_MEAN,16.6,0.0003584237129673813,0.9727921854993853
REFUSED_RATE_DOWN_PAYMENT_MEAN,16.6,0.0003584237129673813,0.9731506092123526
CC_CNT_DRAWINGS_POS_CURRENT_SUM,16.5,0.00035626453397360184,0.9735068737463263
CC_AMT_INST_MIN_REGULARITY_MAX,16.1,0.00034762781799848425,0.9738545015643247
ORGANIZATION_TYPE_Medicine,15.9,0.00034330946001092543,0.9741978110243357
CC_AMT_RECEIVABLE_PRINCIPAL_SUM,15.8,0.00034115028101714605,0.9745389613053528
CC_AMT_INST_MIN_REGULARITY_MEAN,15.8,0.00034115028101714605,0.9748801115863699
PREV_CODE_REJECT_REASON_SCOFR_MEAN,15.8,0.00034115028101714605,0.975221261867387
CNT_CHILDREN,15.7,0.0003389911020233666,0.9755602529694104
NAME_HOUSING_TYPE_Houseapartment,15.5,0.0003346727440358078,0.9758949257134462
PREV_NAME_CASH_LOAN_PURPOSE_Repairs_MEAN,15.5,0.0003346727440358078,0.9762295984574819
INSTAL_PAYMENT_PERC_MAX,15.3,0.000330354386048249,0.9765599528435301
AMT_REQ_CREDIT_BUREAU_WEEK,15.3,0.000330354386048249,0.9768903072295784
CC_AMT_RECEIVABLE_PRINCIPAL_MIN,15.1,0.0003260360280606902,0.9772163432576391
REGION_RATING_CLIENT,14.8,0.000319558491079352,0.9775359017487184
CC_AMT_DRAWINGS_POS_CURRENT_MEAN,14.8,0.000319558491079352,0.9778554602397977
PREV_NAME_SELLER_INDUSTRY_Clothing_MEAN,14.7,0.00031739931208557256,0.9781728595518833
CC_MONTHS_BALANCE_MEAN,14.6,0.00031524013309179317,0.9784880996849751
CC_NAME_CONTRACT_STATUS_Active_SUM,14.5,0.0003130809540980138,0.9788011806390731
CC_CNT_INSTALMENT_MATURE_CUM_SUM,14.5,0.0003130809540980138,0.979114261593171
NAME_INCOME_TYPE_Commercialassociate,14.4,0.00031092177510423435,0.9794251833682753
CC_AMT_BALANCE_SUM,14.4,0.00031092177510423435,0.9797361051433796
CC_AMT_CREDIT_LIMIT_ACTUAL_MAX,14.3,0.00030876259611045497,0.9800448677394901
CC_MONTHS_BALANCE_SUM,14.1,0.00030444423812289614,0.980349311977613
PREV_NAME_SELLER_INDUSTRY_Construction_MEAN,13.9,0.0003001258801353373,0.9806494378577483
CC_SK_DPD_SUM,13.9,0.0003001258801353373,0.9809495637378836
CC_NAME_CONTRACT_STATUS_Active_VAR,13.6,0.0002936483431539991,0.9812432120810376
NAME_EDUCATION_TYPE_Incompletehigher,13.6,0.0002936483431539991,0.9815368604241916
FLAG_OWN_REALTY,13.5,0.00029148916416021973,0.9818283495883519
PREV_NAME_CASH_LOAN_PURPOSE_Medicine_MEAN,13.4,0.0002893299851664403,0.9821176795735183
REFUSED_AMT_DOWN_PAYMENT_MIN,13.2,0.0002850116271788815,0.9824026912006971
PREV_PRODUCT_COMBINATION_POSindustrywithoutinterest_MEAN,13.1,0.0002828524481851021,0.9826855436488823
CC_AMT_DRAWINGS_CURRENT_MIN,13.0,0.0002806932691913227,0.9829662369180736
ORGANIZATION_TYPE_Kindergarten,13.0,0.0002806932691913227,0.983246930187265
NAME_FAMILY_STATUS_Singlenotmarried,12.8,0.0002763749112037639,0.9835233050984687
WEEKDAY_APPR_PROCESS_START_WEDNESDAY,12.7,0.00027421573220998445,0.9837975208306787
WEEKDAY_APPR_PROCESS_START_FRIDAY,12.6,0.00027205655321620506,0.9840695773838949
FLOORSMIN_MEDI,12.6,0.00027205655321620506,0.984341633937111
POS_COUNT,12.5,0.0002698973742224257,0.9846115313113335
PREV_NAME_GOODS_CATEGORY_ConstructionMaterials_MEAN,12.4,0.00026773819522864624,0.9848792695065621
WEEKDAY_APPR_PROCESS_START_TUESDAY,12.0,0.00025910147925352865,0.9851383709858157
NAME_EDUCATION_TYPE_Lowersecondary,11.9,0.0002569423002597492,0.9853953132860754
CLOSED_AMT_CREDIT_SUM_LIMIT_MEAN,11.7,0.0002526239422721904,0.9856479372283476
CC_AMT_RECIVABLE_SUM,11.7,0.0002526239422721904,0.9859005611706199
CC_CNT_DRAWINGS_ATM_CURRENT_MAX,11.6,0.000250464763278411,0.9861510259338983
CC_AMT_TOTAL_RECEIVABLE_MEAN,11.5,0.0002483055842846316,0.9863993315181829
BURO_CREDIT_TYPE_Anothertypeofloan_MEAN,11.4,0.0002461464052908522,0.9866454779234738
CC_AMT_DRAWINGS_POS_CURRENT_MIN,11.4,0.0002461464052908522,0.9868916243287646
CC_CNT_DRAWINGS_POS_CURRENT_MIN,11.4,0.0002461464052908522,0.9871377707340555
OCCUPATION_TYPE_LowskillLaborers,11.3,0.0002439872262970728,0.9873817579603525
CC_AMT_DRAWINGS_OTHER_CURRENT_VAR,11.2,0.00024182804730329337,0.9876235860076559
NAME_HOUSING_TYPE_Municipalapartment,11.2,0.00024182804730329337,0.9878654140549592
REFUSED_AMT_DOWN_PAYMENT_MEAN,11.1,0.00023966886830951398,0.9881050829232687
ELEVATORS_MODE,11.0,0.00023750968931573457,0.9883425926125844
PREV_PRODUCT_COMBINATION_POSotherwithinterest_MEAN,10.8,0.00023319133132817578,0.9885757839439125
WALLSMATERIAL_MODE_Panel,10.6,0.00022887297334061695,0.9888046569172532
FLOORSMAX_MEDI,10.6,0.00022887297334061695,0.9890335298905938
CC_AMT_TOTAL_RECEIVABLE_MAX,10.6,0.00022887297334061695,0.9892624028639344
CC_SK_DPD_VAR,10.0,0.00021591789937794052,0.9894783207633123
AMT_REQ_CREDIT_BUREAU_DAY,10.0,0.00021591789937794052,0.9896942386626902
PREV_NAME_SELLER_INDUSTRY_Autotechnology_MEAN,9.8,0.00021159954139038172,0.9899058382040806
FLAG_OWN_CAR,9.6,0.0002072811834028229,0.9901131193874835
CLOSED_AMT_CREDIT_SUM_DEBT_SUM,9.4,0.0002029628254152641,0.9903160822128987
PREV_NAME_GOODS_CATEGORY_Jewelry_MEAN,9.2,0.00019864446742770526,0.9905147266803264
NONLIVINGAPARTMENTS_MEDI,9.2,0.00019864446742770526,0.990713371147754
CLOSED_MONTHS_BALANCE_MAX_MAX,9.1,0.00019648528843392587,0.990909856436188
PREV_NAME_GOODS_CATEGORY_ClothingandAccessories_MEAN,9.0,0.00019432610944014646,0.9911041825456282
PREV_PRODUCT_COMBINATION_POSmobilewithoutinterest_MEAN,8.8,0.00019000775145258767,0.9912941902970808
BURO_STATUS_2_MEAN_MEAN,8.8,0.00019000775145258767,0.9914841980485334
PREV_NAME_SELLER_INDUSTRY_Industry_MEAN,8.7,0.00018784857245880823,0.9916720466209922
FLOORSMAX_MODE,8.7,0.00018784857245880823,0.991859895193451
CC_SK_DPD_DEF_VAR,8.7,0.00018784857245880823,0.9920477437659098
PREV_NAME_TYPE_SUITE_Other_B_MEAN,8.6,0.00018568939346502885,0.9922334331593748
PREV_NAME_GOODS_CATEGORY_Gardening_MEAN,8.5,0.00018353021447124943,0.9924169633738461
PREV_NAME_CASH_LOAN_PURPOSE_Other_MEAN,7.8,0.0001684159615147936,0.992585379335361
NONLIVINGAPARTMENTS_MODE,7.7,0.0001662567825210142,0.992751636117882
CC_AMT_DRAWINGS_OTHER_CURRENT_MAX,7.7,0.0001662567825210142,0.992917892900403
CC_NAME_CONTRACT_STATUS_Active_MEAN,7.6,0.0001640976035272348,0.9930819905039302
ELEVATORS_MEDI,7.5,0.00016193842453345538,0.9932439289284637
OCCUPATION_TYPE_Salesstaff,7.1,0.00015330170855833776,0.993397230637022
NAME_TYPE_SUITE_Other_B,6.9,0.00014898335057077897,0.9935462139875928
PREV_NAME_CASH_LOAN_PURPOSE_Carrepairs_MEAN,6.8,0.00014682417157699956,0.9936930381591698
NAME_FAMILY_STATUS_Widow,6.5,0.00014034663459566135,0.9938333847937654
NAME_FAMILY_STATUS_Separated,6.5,0.00014034663459566135,0.993973731428361
NAME_TYPE_SUITE_Unaccompanied,6.5,0.00014034663459566135,0.9941140780629566
LIVE_REGION_NOT_WORK_REGION,6.3,0.00013602827660810253,0.9942501063395647
WALLSMATERIAL_MODE_Others,6.3,0.00013602827660810253,0.9943861346161728
CC_SK_DPD_MEAN,6.2,0.00013386909761432312,0.9945200037137871
PREV_NAME_TYPE_SUITE_Other_A_MEAN,6.2,0.00013386909761432312,0.9946538728114015
CC_CNT_INSTALMENT_MATURE_CUM_MAX,6.1,0.0001317099186205437,0.994785582730022
PREV_NAME_CASH_LOAN_PURPOSE_XAP_MEAN,5.9,0.00012739156063298492,0.9949129742906551
BURO_STATUS_4_MEAN_MEAN,5.8,0.0001252323816392055,0.9950382066722943
CC_AMT_TOTAL_RECEIVABLE_VAR,5.8,0.0001252323816392055,0.9951634390539335
FONDKAPREMONT_MODE_regoperspecaccount,5.8,0.0001252323816392055,0.9952886714355726
CC_AMT_DRAWINGS_OTHER_CURRENT_SUM,5.7,0.0001230732026454261,0.995411744638218
FLAG_DOCUMENT_8,5.6,0.00012091402365164668,0.9955326586618697
CC_AMT_DRAWINGS_OTHER_CURRENT_MEAN,5.5,0.00011875484465786729,0.9956514135065275
BURO_MONTHS_BALANCE_MAX_MAX,5.5,0.00011875484465786729,0.9957701683511854
CC_AMT_PAYMENT_TOTAL_CURRENT_MIN,5.4,0.00011659566566408789,0.9958867640168495
CC_NAME_CONTRACT_STATUS_Signed_VAR,5.3,0.00011443648667030848,0.9960012005035198
CC_CNT_DRAWINGS_OTHER_CURRENT_VAR,5.3,0.00011443648667030848,0.9961156369901901
NAME_TYPE_SUITE_Spousepartner,5.3,0.00011443648667030848,0.9962300734768604
PREV_NAME_CONTRACT_STATUS_Unusedoffer_MEAN,5.2,0.00011227730767652908,0.9963423507845369
REG_REGION_NOT_WORK_REGION,5.2,0.00011227730767652908,0.9964546280922134
ORGANIZATION_TYPE_Other,5.1,0.00011011812868274966,0.9965647462208962
NAME_CONTRACT_TYPE_Revolvingloans,5.0,0.00010795894968897026,0.9966727051705851
REG_CITY_NOT_WORK_CITY,5.0,0.00010795894968897026,0.9967806641202741
CC_COUNT,4.9,0.00010579977069519086,0.9968864638909692
PREV_CODE_REJECT_REASON_VERIF_MEAN,4.7,0.00010148141270763205,0.9969879453036768
ORGANIZATION_TYPE_Government,4.6,9.932223371385263e-05,0.9970872675373907
CC_AMT_TOTAL_RECEIVABLE_MIN,4.6,9.932223371385263e-05,0.9971865897711046
FLAG_DOCUMENT_11,4.5,9.716305472007323e-05,0.9972837528258247
PREV_NAME_GOODS_CATEGORY_AutoAccessories_MEAN,4.3,9.284469673251442e-05,0.9973765975225573
ORGANIZATION_TYPE_Hotel,4.2,9.068551773873503e-05,0.997467283040296
FLAG_DOCUMENT_6,4.0,8.63671597511762e-05,0.9975536502000472
OCCUPATION_TYPE_Waitersbarmenstaff,3.9,8.42079807573968e-05,0.9976378581808045
POS_NAME_CONTRACT_STATUS_Approved_MEAN,3.8,8.20488017636174e-05,0.9977199069825682
NAME_TYPE_SUITE_Family,3.8,8.20488017636174e-05,0.9978019557843318
CC_MONTHS_BALANCE_MIN,3.8,8.20488017636174e-05,0.9978840045860955
ORGANIZATION_TYPE_Tradetype7,3.7,7.9889622769838e-05,0.9979638942088653
NAME_FAMILY_STATUS_Civilmarriage,3.6,7.773044377605859e-05,0.9980416246526413
BURO_CREDIT_DAY_OVERDUE_MAX,3.4,7.341208578849978e-05,0.9981150367384298
WEEKDAY_APPR_PROCESS_START_THURSDAY,3.4,7.341208578849978e-05,0.9981884488242183
CC_AMT_TOTAL_RECEIVABLE_SUM,3.3,7.125290679472037e-05,0.9982597017310131
PREV_NAME_PAYMENT_TYPE_Noncashfromyouraccount_MEAN,2.9,6.261619081960275e-05,0.9983223179218327
CLOSED_AMT_CREDIT_SUM_LIMIT_SUM,2.8,6.045701182582334e-05,0.9983827749336585
ACTIVE_CNT_CREDIT_PROLONG_SUM,2.7,5.8297832832043944e-05,0.9984410727664905
CC_MONTHS_BALANCE_MAX,2.7,5.8297832832043944e-05,0.9984993705993226
CC_NAME_CONTRACT_STATUS_Completed_VAR,2.6,5.613865383826454e-05,0.9985555092531608
ACTIVE_CREDIT_DAY_OVERDUE_MAX,2.6,5.613865383826454e-05,0.9986116479069991
ACTIVE_CREDIT_DAY_OVERDUE_MEAN,2.5,5.397947484448513e-05,0.9986656273818436
CC_NAME_CONTRACT_STATUS_Completed_MEAN,2.4,5.1820295850705725e-05,0.9987174476776943
CC_CNT_INSTALMENT_MATURE_CUM_MIN,2.4,5.1820295850705725e-05,0.998769267973545
CC_AMT_INST_MIN_REGULARITY_MIN,2.3,4.9661116856926314e-05,0.9988189290904019
CC_CNT_DRAWINGS_OTHER_CURRENT_MEAN,2.3,4.9661116856926314e-05,0.9988685902072588
BURO_STATUS_3_MEAN_MEAN,2.2,4.750193786314692e-05,0.998916092145122
OCCUPATION_TYPE_Privateservicestaff,2.1,4.534275886936751e-05,0.9989614349039914
HOUSETYPE_MODE_specifichousing,2.1,4.534275886936751e-05,0.9990067776628607
NAME_TYPE_SUITE_Children,2.0,4.31835798755881e-05,0.9990499612427363
ORGANIZATION_TYPE_Tradetype3,2.0,4.31835798755881e-05,0.9990931448226118
BURO_CREDIT_DAY_OVERDUE_MEAN,2.0,4.31835798755881e-05,0.9991363284024873
CC_SK_DPD_MAX,1.9,4.10244008818087e-05,0.9991773528033692
PREV_NAME_TYPE_SUITE_Groupofpeople_MEAN,1.9,4.10244008818087e-05,0.999218377204251
NAME_HOUSING_TYPE_Withparents,1.8,3.8865221888029294e-05,0.999257242426139
BURO_STATUS_5_MEAN_MEAN,1.8,3.8865221888029294e-05,0.999296107648027
FONDKAPREMONT_MODE_regoperaccount,1.7,3.670604289424989e-05,0.9993328136909213
ORGANIZATION_TYPE_Restaurant,1.7,3.670604289424989e-05,0.9993695197338156
OCCUPATION_TYPE_Managers,1.7,3.670604289424989e-05,0.9994062257767099
ORGANIZATION_TYPE_BusinessEntityType1,1.6,3.4546863900470486e-05,0.9994407726406104
CC_CNT_DRAWINGS_CURRENT_MIN,1.6,3.4546863900470486e-05,0.9994753195045109
NAME_HOUSING_TYPE_Rentedapartment,1.4,3.022850591291167e-05,0.9995055480104238
REG_REGION_NOT_LIVE_REGION,1.4,3.022850591291167e-05,0.9995357765163367
ORGANIZATION_TYPE_Industrytype3,1.4,3.022850591291167e-05,0.9995660050222497
FLAG_EMAIL,1.3,2.806932691913227e-05,0.9995940743491688
PREV_FLAG_LAST_APPL_PER_CONTRACT_N_MEAN,1.2,2.5910147925352862e-05,0.9996199844970941
PREV_FLAG_LAST_APPL_PER_CONTRACT_Y_MEAN,1.2,2.5910147925352862e-05,0.9996458946450194
ORGANIZATION_TYPE_Security,1.1,2.375096893157346e-05,0.999669645613951
WALLSMATERIAL_MODE_Block,1.1,2.375096893157346e-05,0.9996933965828826
ORGANIZATION_TYPE_Transporttype4,1.0,2.159178993779405e-05,0.9997149883728204
ORGANIZATION_TYPE_Tradetype2,0.9,1.9432610944014647e-05,0.9997344209837644
CC_NAME_CONTRACT_STATUS_Active_MIN,0.9,1.9432610944014647e-05,0.9997538535947085
FONDKAPREMONT_MODE_orgspecaccount,0.9,1.9432610944014647e-05,0.9997732862056525
FONDKAPREMONT_MODE_notspecified,0.9,1.9432610944014647e-05,0.9997927188165966
CC_NAME_CONTRACT_STATUS_Completed_SUM,0.8,1.7273431950235243e-05,0.9998099922485468
PREV_CODE_REJECT_REASON_XNA_MEAN,0.7,1.5114252956455835e-05,0.9998251065015032
PREV_NAME_GOODS_CATEGORY_Vehicles_MEAN,0.6,1.2955073962676431e-05,0.999838061575466
CC_SK_DPD_DEF_SUM,0.5,1.0795894968897025e-05,0.9998488574704348
OCCUPATION_TYPE_Cleaningstaff,0.5,1.0795894968897025e-05,0.9998596533654037
OCCUPATION_TYPE_Cookingstaff,0.5,1.0795894968897025e-05,0.9998704492603726
CC_NAME_CONTRACT_STATUS_Signed_MEAN,0.4,8.636715975117621e-06,0.9998790859763477
PREV_NAME_CASH_LOAN_PURPOSE_Buyingausedcar_MEAN,0.4,8.636715975117621e-06,0.9998877226923227
BURO_CREDIT_TYPE_Loanforbusinessdevelopment_MEAN,0.4,8.636715975117621e-06,0.9998963594082978
ORGANIZATION_TYPE_Housing,0.3,6.477536981338216e-06,0.9999028369452791
CC_NAME_CONTRACT_STATUS_Completed_MAX,0.3,6.477536981338216e-06,0.9999093144822605
ORGANIZATION_TYPE_Services,0.3,6.477536981338216e-06,0.9999157920192419
PREV_NAME_CASH_LOAN_PURPOSE_Education_MEAN,0.3,6.477536981338216e-06,0.9999222695562232
PREV_CODE_REJECT_REASON_CLIENT_MEAN,0.3,6.477536981338216e-06,0.9999287470932046
FLAG_DOCUMENT_5,0.3,6.477536981338216e-06,0.9999352246301859
CC_CNT_DRAWINGS_OTHER_CURRENT_MAX,0.3,6.477536981338216e-06,0.9999417021671673
BURO_CNT_CREDIT_PROLONG_SUM,0.3,6.477536981338216e-06,0.9999481797041486
ORGANIZATION_TYPE_BusinessEntityType2,0.3,6.477536981338216e-06,0.99995465724113
PREV_NAME_GOODS_CATEGORY_Other_MEAN,0.2,4.318357987558811e-06,0.9999589755991175
PREV_NAME_CASH_LOAN_PURPOSE_Buildingahouseoranannex_MEAN,0.2,4.318357987558811e-06,0.999963293957105
HOUSETYPE_MODE_blockofflats,0.2,4.318357987558811e-06,0.9999676123150926
FLAG_DOCUMENT_13,0.2,4.318357987558811e-06,0.9999719306730801
PREV_NAME_GOODS_CATEGORY_Homewares_MEAN,0.2,4.318357987558811e-06,0.9999762490310676
CLOSED_CNT_CREDIT_PROLONG_SUM,0.2,4.318357987558811e-06,0.9999805673890552
PREV_NAME_GOODS_CATEGORY_MedicalSupplies_MEAN,0.1,2.1591789937794053e-06,0.999982726568049
OCCUPATION_TYPE_Securitystaff,0.1,2.1591789937794053e-06,0.9999848857470428
PREV_NAME_GOODS_CATEGORY_Medicine_MEAN,0.1,2.1591789937794053e-06,0.9999870449260366
WALLSMATERIAL_MODE_Wooden,0.1,2.1591789937794053e-06,0.9999892041050304
ORGANIZATION_TYPE_Industrytype11,0.1,2.1591789937794053e-06,0.9999913632840243
EMERGENCYSTATE_MODE_No,0.1,2.1591789937794053e-06,0.9999935224630181
ORGANIZATION_TYPE_Postal,0.1,2.1591789937794053e-06,0.9999956816420119
PREV_NAME_GOODS_CATEGORY_OfficeAppliances_MEAN,0.1,2.1591789937794053e-06,0.9999978408210057
PREV_NAME_SELLER_INDUSTRY_Jewelry_MEAN,0.1,2.1591789937794053e-06,0.9999999999999996
WALLSMATERIAL_MODE_Mixed,0.0,0.0,0.9999999999999996
PREV_NAME_GOODS_CATEGORY_Tourism_MEAN,0.0,0.0,0.9999999999999996
PREV_NAME_GOODS_CATEGORY_Weapon_MEAN,0.0,0.0,0.9999999999999996
BURO_CREDIT_ACTIVE_nan_MEAN,0.0,0.0,0.9999999999999996
WALLSMATERIAL_MODE_Monolithic,0.0,0.0,0.9999999999999996
AMT_REQ_CREDIT_BUREAU_HOUR,0.0,0.0,0.9999999999999996
PREV_NAME_GOODS_CATEGORY_nan_MEAN,0.0,0.0,0.9999999999999996
BURO_CREDIT_ACTIVE_Baddebt_MEAN,0.0,0.0,0.9999999999999996
PREV_NAME_SELLER_INDUSTRY_MLMpartners_MEAN,0.0,0.0,0.9999999999999996
BURO_CREDIT_CURRENCY_currency1_MEAN,0.0,0.0,0.9999999999999996
PREV_NAME_PRODUCT_TYPE_nan_MEAN,0.0,0.0,0.9999999999999996
PREV_NAME_SELLER_INDUSTRY_nan_MEAN,0.0,0.0,0.9999999999999996
BURO_STATUS_nan_MEAN_MEAN,0.0,0.0,0.9999999999999996
PREV_NAME_YIELD_GROUP_nan_MEAN,0.0,0.0,0.9999999999999996
BURO_CREDIT_TYPE_nan_MEAN,0.0,0.0,0.9999999999999996
BURO_CREDIT_TYPE_Unknowntypeofloan_MEAN,0.0,0.0,0.9999999999999996
BURO_CREDIT_TYPE_Realestateloan_MEAN,0.0,0.0,0.9999999999999996
PREV_PRODUCT_COMBINATION_POSotherswithoutinterest_MEAN,0.0,0.0,0.9999999999999996
PREV_PRODUCT_COMBINATION_nan_MEAN,0.0,0.0,0.9999999999999996
BURO_CREDIT_TYPE_Mobileoperatorloan_MEAN,0.0,0.0,0.9999999999999996
BURO_CREDIT_TYPE_Loanforworkingcapitalreplenishment_MEAN,0.0,0.0,0.9999999999999996
BURO_CREDIT_TYPE_Loanforthepurchaseofequipment_MEAN,0.0,0.0,0.9999999999999996
BURO_CREDIT_TYPE_Loanforpurchaseofsharesmarginlending_MEAN,0.0,0.0,0.9999999999999996
PREV_NAME_PAYMENT_TYPE_Cashlessfromtheaccountoftheemployer_MEAN,0.0,0.0,0.9999999999999996
PREV_NAME_PORTFOLIO_nan_MEAN,0.0,0.0,0.9999999999999996
BURO_CREDIT_TYPE_Interbankcredit_MEAN,0.0,0.0,0.9999999999999996
PREV_NAME_SELLER_INDUSTRY_Tourism_MEAN,0.0,0.0,0.9999999999999996
PREV_NAME_PORTFOLIO_Cars_MEAN,0.0,0.0,0.9999999999999996
BURO_CREDIT_TYPE_Cashloannonearmarked_MEAN,0.0,0.0,0.9999999999999996
PREV_WEEKDAY_APPR_PROCESS_START_nan_MEAN,0.0,0.0,0.9999999999999996
BURO_CREDIT_CURRENCY_nan_MEAN,0.0,0.0,0.9999999999999996
PREV_NAME_PAYMENT_TYPE_nan_MEAN,0.0,0.0,0.9999999999999996
BURO_CREDIT_CURRENCY_currency4_MEAN,0.0,0.0,0.9999999999999996
BURO_CREDIT_CURRENCY_currency3_MEAN,0.0,0.0,0.9999999999999996
BURO_CREDIT_CURRENCY_currency2_MEAN,0.0,0.0,0.9999999999999996
CC_AMT_DRAWINGS_ATM_CURRENT_MIN,0.0,0.0,0.9999999999999996
CLOSED_CREDIT_DAY_OVERDUE_MAX,0.0,0.0,0.9999999999999996
PREV_NAME_GOODS_CATEGORY_Insurance_MEAN,0.0,0.0,0.9999999999999996
CC_NAME_CONTRACT_STATUS_Demand_MEAN,0.0,0.0,0.9999999999999996
CC_NAME_CONTRACT_STATUS_Approved_MEAN,0.0,0.0,0.9999999999999996
CC_NAME_CONTRACT_STATUS_Approved_MIN,0.0,0.0,0.9999999999999996
CC_NAME_CONTRACT_STATUS_Approved_SUM,0.0,0.0,0.9999999999999996
CC_NAME_CONTRACT_STATUS_Approved_VAR,0.0,0.0,0.9999999999999996
CC_NAME_CONTRACT_STATUS_Completed_MIN,0.0,0.0,0.9999999999999996
CC_NAME_CONTRACT_STATUS_Demand_MAX,0.0,0.0,0.9999999999999996
CC_NAME_CONTRACT_STATUS_Demand_MIN,0.0,0.0,0.9999999999999996
CC_NAME_CONTRACT_STATUS_Sentproposal_MAX,0.0,0.0,0.9999999999999996
CC_NAME_CONTRACT_STATUS_Demand_SUM,0.0,0.0,0.9999999999999996
CC_NAME_CONTRACT_STATUS_Demand_VAR,0.0,0.0,0.9999999999999996
CC_NAME_CONTRACT_STATUS_Refused_MAX,0.0,0.0,0.9999999999999996
CC_NAME_CONTRACT_STATUS_Refused_MEAN,0.0,0.0,0.9999999999999996
CC_NAME_CONTRACT_STATUS_Refused_MIN,0.0,0.0,0.9999999999999996
CC_NAME_CONTRACT_STATUS_Refused_SUM,0.0,0.0,0.9999999999999996
CC_NAME_CONTRACT_STATUS_Approved_MAX,0.0,0.0,0.9999999999999996
CC_NAME_CONTRACT_STATUS_Active_MAX,0.0,0.0,0.9999999999999996
NAME_EDUCATION_TYPE_Academicdegree,0.0,0.0,0.9999999999999996
NAME_FAMILY_STATUS_Unknown,0.0,0.0,0.9999999999999996
NAME_HOUSING_TYPE_Coopapartment,0.0,0.0,0.9999999999999996
NAME_INCOME_TYPE_Businessman,0.0,0.0,0.9999999999999996
NAME_INCOME_TYPE_Maternityleave,0.0,0.0,0.9999999999999996
NAME_INCOME_TYPE_Pensioner,0.0,0.0,0.9999999999999996
NAME_INCOME_TYPE_Student,0.0,0.0,0.9999999999999996
NAME_INCOME_TYPE_Unemployed,0.0,0.0,0.9999999999999996
NAME_TYPE_SUITE_Groupofpeople,0.0,0.0,0.9999999999999996
NAME_TYPE_SUITE_Other_A,0.0,0.0,0.9999999999999996
OCCUPATION_TYPE_HRstaff,0.0,0.0,0.9999999999999996
OCCUPATION_TYPE_ITstaff,0.0,0.0,0.9999999999999996
OCCUPATION_TYPE_Realtyagents,0.0,0.0,0.9999999999999996
OCCUPATION_TYPE_Secretaries,0.0,0.0,0.9999999999999996
ORGANIZATION_TYPE_Advertising,0.0,0.0,0.9999999999999996
CC_NAME_CONTRACT_STATUS_Refused_VAR,0.0,0.0,0.9999999999999996
CC_NAME_CONTRACT_STATUS_Sentproposal_MEAN,0.0,0.0,0.9999999999999996
PREV_NAME_GOODS_CATEGORY_HouseConstruction_MEAN,0.0,0.0,0.9999999999999996
CC_NAME_CONTRACT_STATUS_nan_MIN,0.0,0.0,0.9999999999999996
FLAG_DOCUMENT_15,0.0,0.0,0.9999999999999996
FLAG_DOCUMENT_14,0.0,0.0,0.9999999999999996
FLAG_DOCUMENT_12,0.0,0.0,0.9999999999999996
FLAG_DOCUMENT_10,0.0,0.0,0.9999999999999996
FLAG_CONT_MOBILE,0.0,0.0,0.9999999999999996
CC_NAME_CONTRACT_STATUS_nan_MEAN,0.0,0.0,0.9999999999999996
CC_NAME_CONTRACT_STATUS_nan_SUM,0.0,0.0,0.9999999999999996
CC_NAME_CONTRACT_STATUS_Sentproposal_MIN,0.0,0.0,0.9999999999999996
EMERGENCYSTATE_MODE_Yes,0.0,0.0,0.9999999999999996
CC_NAME_CONTRACT_STATUS_nan_VAR,0.0,0.0,0.9999999999999996
CC_SK_DPD_DEF_MAX,0.0,0.0,0.9999999999999996
CC_SK_DPD_DEF_MIN,0.0,0.0,0.9999999999999996
CC_SK_DPD_MIN,0.0,0.0,0.9999999999999996
CLOSED_AMT_CREDIT_SUM_OVERDUE_MEAN,0.0,0.0,0.9999999999999996
FLAG_DOCUMENT_17,0.0,0.0,0.9999999999999996
FLAG_DOCUMENT_19,0.0,0.0,0.9999999999999996
FLAG_DOCUMENT_2,0.0,0.0,0.9999999999999996
FLAG_DOCUMENT_20,0.0,0.0,0.9999999999999996
FLAG_DOCUMENT_21,0.0,0.0,0.9999999999999996
CC_NAME_CONTRACT_STATUS_nan_MAX,0.0,0.0,0.9999999999999996
FLAG_DOCUMENT_4,0.0,0.0,0.9999999999999996
FLAG_DOCUMENT_7,0.0,0.0,0.9999999999999996
FLAG_DOCUMENT_9,0.0,0.0,0.9999999999999996
FLAG_EMP_PHONE,0.0,0.0,0.9999999999999996
FLAG_MOBIL,0.0,0.0,0.9999999999999996
CC_NAME_CONTRACT_STATUS_Signed_SUM,0.0,0.0,0.9999999999999996
HOUSETYPE_MODE_terracedhouse,0.0,0.0,0.9999999999999996
CC_NAME_CONTRACT_STATUS_Signed_MIN,0.0,0.0,0.9999999999999996
CC_NAME_CONTRACT_STATUS_Signed_MAX,0.0,0.0,0.9999999999999996
CC_NAME_CONTRACT_STATUS_Sentproposal_VAR,0.0,0.0,0.9999999999999996
CC_NAME_CONTRACT_STATUS_Sentproposal_SUM,0.0,0.0,0.9999999999999996
ORGANIZATION_TYPE_Agriculture,0.0,0.0,0.9999999999999996
ORGANIZATION_TYPE_Cleaning,0.0,0.0,0.9999999999999996
ORGANIZATION_TYPE_Culture,0.0,0.0,0.9999999999999996
PREV_NAME_CASH_LOAN_PURPOSE_Buyingahome_MEAN,0.0,0.0,0.9999999999999996
PREV_NAME_CASH_LOAN_PURPOSE_Journey_MEAN,0.0,0.0,0.9999999999999996
PREV_NAME_CASH_LOAN_PURPOSE_Hobby_MEAN,0.0,0.0,0.9999999999999996
PREV_NAME_CASH_LOAN_PURPOSE_Gasificationwatersupply_MEAN,0.0,0.0,0.9999999999999996
PREV_NAME_CASH_LOAN_PURPOSE_Furniture_MEAN,0.0,0.0,0.9999999999999996
PREV_NAME_CASH_LOAN_PURPOSE_Everydayexpenses_MEAN,0.0,0.0,0.9999999999999996
PREV_NAME_CASH_LOAN_PURPOSE_Buyinganewcar_MEAN,0.0,0.0,0.9999999999999996
PREV_NAME_CASH_LOAN_PURPOSE_Buyingaholidayhomeland_MEAN,0.0,0.0,0.9999999999999996
ORGANIZATION_TYPE_Electricity,0.0,0.0,0.9999999999999996
PREV_NAME_CASH_LOAN_PURPOSE_Buyingagarage_MEAN,0.0,0.0,0.9999999999999996
PREV_NAME_CASH_LOAN_PURPOSE_Businessdevelopment_MEAN,0.0,0.0,0.9999999999999996
PREV_FLAG_LAST_APPL_PER_CONTRACT_nan_MEAN,0.0,0.0,0.9999999999999996
PREV_CODE_REJECT_REASON_nan_MEAN,0.0,0.0,0.9999999999999996
PREV_CODE_REJECT_REASON_SYSTEM_MEAN,0.0,0.0,0.9999999999999996
PREV_CHANNEL_TYPE_nan_MEAN,0.0,0.0,0.9999999999999996
PREV_NAME_CASH_LOAN_PURPOSE_Moneyforathirdperson_MEAN,0.0,0.0,0.9999999999999996
PREV_NAME_CASH_LOAN_PURPOSE_Paymentsonotherloans_MEAN,0.0,0.0,0.9999999999999996
PREV_NAME_CASH_LOAN_PURPOSE_Purchaseofelectronicequipment_MEAN,0.0,0.0,0.9999999999999996
PREV_NAME_CASH_LOAN_PURPOSE_Refusaltonamethegoal_MEAN,0.0,0.0,0.9999999999999996
PREV_NAME_CASH_LOAN_PURPOSE_Weddinggiftholiday_MEAN,0.0,0.0,0.9999999999999996
PREV_NAME_CASH_LOAN_PURPOSE_nan_MEAN,0.0,0.0,0.9999999999999996
CC_AMT_DRAWINGS_OTHER_CURRENT_MIN,0.0,0.0,0.9999999999999996
PREV_NAME_CLIENT_TYPE_XNA_MEAN,0.0,0.0,0.9999999999999996
PREV_NAME_CLIENT_TYPE_nan_MEAN,0.0,0.0,0.9999999999999996
PREV_NAME_CONTRACT_STATUS_nan_MEAN,0.0,0.0,0.9999999999999996
PREV_NAME_CONTRACT_TYPE_XNA_MEAN,0.0,0.0,0.9999999999999996
PREV_NAME_CONTRACT_TYPE_nan_MEAN,0.0,0.0,0.9999999999999996
PREV_NAME_GOODS_CATEGORY_AdditionalService_MEAN,0.0,0.0,0.9999999999999996
PREV_NAME_GOODS_CATEGORY_Animals_MEAN,0.0,0.0,0.9999999999999996
PREV_NAME_GOODS_CATEGORY_DirectSales_MEAN,0.0,0.0,0.9999999999999996
PREV_NAME_GOODS_CATEGORY_Education_MEAN,0.0,0.0,0.9999999999999996
PREV_NAME_GOODS_CATEGORY_Fitness_MEAN,0.0,0.0,0.9999999999999996
PREV_CHANNEL_TYPE_Cardealer_MEAN,0.0,0.0,0.9999999999999996
CC_CNT_DRAWINGS_ATM_CURRENT_MIN,0.0,0.0,0.9999999999999996
POS_NAME_CONTRACT_STATUS_nan_MEAN,0.0,0.0,0.9999999999999996
ORGANIZATION_TYPE_Realtor,0.0,0.0,0.9999999999999996
ORGANIZATION_TYPE_Emergency,0.0,0.0,0.9999999999999996
ORGANIZATION_TYPE_Industrytype1,0.0,0.0,0.9999999999999996
ORGANIZATION_TYPE_Industrytype10,0.0,0.0,0.9999999999999996
ORGANIZATION_TYPE_Industrytype12,0.0,0.0,0.9999999999999996
ORGANIZATION_TYPE_Industrytype13,0.0,0.0,0.9999999999999996
ORGANIZATION_TYPE_Industrytype2,0.0,0.0,0.9999999999999996
ORGANIZATION_TYPE_Industrytype4,0.0,0.0,0.9999999999999996
ORGANIZATION_TYPE_Industrytype5,0.0,0.0,0.9999999999999996
ORGANIZATION_TYPE_Industrytype6,0.0,0.0,0.9999999999999996
ORGANIZATION_TYPE_Industrytype7,0.0,0.0,0.9999999999999996
ORGANIZATION_TYPE_Industrytype8,0.0,0.0,0.9999999999999996
ORGANIZATION_TYPE_Insurance,0.0,0.0,0.9999999999999996
ORGANIZATION_TYPE_LegalServices,0.0,0.0,0.9999999999999996
ORGANIZATION_TYPE_Mobile,0.0,0.0,0.9999999999999996
ORGANIZATION_TYPE_Religion,0.0,0.0,0.9999999999999996
CLOSED_CREDIT_DAY_OVERDUE_MEAN,0.0,0.0,0.9999999999999996
ORGANIZATION_TYPE_Telecom,0.0,0.0,0.9999999999999996
ORGANIZATION_TYPE_Tradetype1,0.0,0.0,0.9999999999999996
ORGANIZATION_TYPE_Tradetype4,0.0,0.0,0.9999999999999996
ORGANIZATION_TYPE_Tradetype5,0.0,0.0,0.9999999999999996
ORGANIZATION_TYPE_Tradetype6,0.0,0.0,0.9999999999999996
ORGANIZATION_TYPE_Transporttype1,0.0,0.0,0.9999999999999996
ORGANIZATION_TYPE_Transporttype2,0.0,0.0,0.9999999999999996
ORGANIZATION_TYPE_University,0.0,0.0,0.9999999999999996
ORGANIZATION_TYPE_XNA,0.0,0.0,0.9999999999999996
POS_NAME_CONTRACT_STATUS_Amortizeddebt_MEAN,0.0,0.0,0.9999999999999996
POS_NAME_CONTRACT_STATUS_Canceled_MEAN,0.0,0.0,0.9999999999999996
CC_CNT_DRAWINGS_OTHER_CURRENT_SUM,0.0,0.0,0.9999999999999996
POS_NAME_CONTRACT_STATUS_Demand_MEAN,0.0,0.0,0.9999999999999996
CC_CNT_DRAWINGS_OTHER_CURRENT_MIN,0.0,0.0,0.9999999999999996
POS_NAME_CONTRACT_STATUS_XNA_MEAN,0.0,0.0,0.9999999999999996
